{"cameraMode":{"drawMode":0,"name":"Shaded","section":"Shading Mode"},"sceneLighting":true,"audioPlay":false,"sceneViewState":{"m_AlwaysRefresh":false,"showFog":true,"showSkybox":true,"showFlares":true,"showImageEffects":true,"showParticleSystems":true,"showVisualEffectGraphs":true,"m_FxEnabled":true},"in2DMode":false,"pivot":{"x":922.2212524414063,"y":829.8247680664063,"z":3.345637321472168},"rotation":{"x":0.00449997978284955,"y":-0.0014999842969700695,"z":0.00000674997545502265,"w":0.9999887347221375},"size":1057.4287109375,"orthographic":true}